,Unnamed: 0,"Periods (July, August)","Total number of passengers (July, August)","Total passengers arriving (July, August)","Total passengers departing (July, August)","TG (July, August)","TN (July, August)","TX (July, August)","SQ (July, August)","DR (July, August)","RH (July, August)","RHX (July, August)","Periods (July, August - All)","Total number of passengers (July, August - All)","Total passengers arriving (July, August - All)","Total passengers departing (July, August - All)","TG (July, August - All)","TN (July, August - All)","TX (July, August - All)","SQ (July, August - All)","DR (July, August - All)","RH (July, August - All)","RHX (July, August - All)",Periods (All),Total number of passengers (All),Total passengers arriving (All),Total passengers departing (All),TG (All),TN (All),TX (All),SQ (All),DR (All),RH (All),RHX (All)
0,0,2000-07,4121196.0,1929467.0,2191729.0,15.270967741935486,11.867741935483869,18.67419354838709,4.248387096774194,1.5774193548387094,2.7000000000000006,1.470967741935484,2000-07,4121196.0,1929467.0,2191729.0,15.27096774193549,11.86774193548387,18.67419354838709,4.248387096774194,1.577419354838709,2.700000000000001,1.470967741935484,2000-01,2563382,1278929,1284453,4.867741935483871,2.6064516129032262,6.867741935483872,1.8677419354838711,1.6580645161290322,1.5193548387096774,0.4580645161290321
1,1,2000-08,4096727.0,2150204.0,1946523.0,17.37096774193548,12.299999999999995,21.816129032258065,7.354838709677419,0.6129032258064516,1.6290322580645156,0.9096774193548388,2000-08,4096727.0,2150204.0,1946523.0,17.37096774193548,12.3,21.81612903225806,7.354838709677419,0.6129032258064516,1.629032258064516,0.9096774193548388,2000-02,2641094,1289485,1351609,6.055172413793101,3.337931034482758,8.455172413793102,3.6862068965517234,2.7,3.33103448275862,1.0413793103448277
2,2,2001-07,4278757.0,2011002.0,2267755.0,18.416129032258063,13.816129032258068,22.91935483870968,7.167741935483873,0.8129032258064517,1.3129032258064512,0.6677419354838708,2001-07,4278757.0,2011002.0,2267755.0,18.41612903225806,13.81612903225807,22.91935483870968,7.167741935483873,0.8129032258064517,1.312903225806451,0.6677419354838708,2000-03,3162563,1603733,1558830,6.896774193548387,4.074193548387098,9.532258064516132,2.974193548387097,1.8096774193548384,2.5741935483870977,0.9548387096774192
3,3,2001-08,4246834.0,2235051.0,2011783.0,18.51935483870968,14.154838709677424,22.92903225806452,5.667741935483871,1.7677419354838708,4.86451612903226,2.4096774193548383,2001-08,4246834.0,2235051.0,2011783.0,18.51935483870968,14.15483870967742,22.92903225806452,5.667741935483871,1.767741935483871,4.86451612903226,2.409677419354838,2000-04,3326762,1628248,1698514,9.586666666666666,5.596666666666668,13.723333333333333,4.976666666666666,1.3033333333333332,1.4666666666666663,0.6699999999999999
4,4,2002-07,4289281.0,2034750.0,2254531.0,17.258064516129032,13.306451612903228,21.32258064516129,5.612903225806451,1.825806451612904,3.070967741935484,1.6903225806451612,2002-07,4289281.0,2034750.0,2254531.0,17.25806451612903,13.30645161290323,21.32258064516129,5.612903225806451,1.825806451612904,3.070967741935484,1.690322580645161,2000-05,3706883,1845433,1861450,14.838709677419356,10.296774193548393,19.46129032258064,7.496774193548387,1.919354838709677,2.725806451612903,1.1064516129032258
5,5,2002-08,4276395.0,2238757.0,2037638.0,18.75483870967741,14.483870967741934,22.70967741935484,5.080645161290323,1.190322580645161,3.338709677419355,1.2741935483870968,2002-08,4276395.0,2238757.0,2037638.0,18.75483870967741,14.48387096774193,22.70967741935484,5.080645161290323,1.190322580645161,3.338709677419355,1.274193548387097,2000-06,3661177,1829019,1832158,15.760000000000002,11.356666666666667,19.94666666666667,7.626666666666665,0.9733333333333332,1.0733333333333333,0.5000000000000002
6,6,2003-07,4244484.0,2010027.0,2234457.0,18.68064516129032,13.419354838709676,23.429032258064527,7.754838709677419,1.035483870967742,1.3806451612903223,0.6516129032258065,2003-07,4244484.0,2010027.0,2234457.0,18.68064516129032,13.41935483870968,23.42903225806453,7.754838709677419,1.035483870967742,1.380645161290322,0.6516129032258065,2000-07,4121196,1929467,2191729,15.270967741935486,11.867741935483869,18.67419354838709,4.248387096774194,1.5774193548387094,2.7000000000000006,1.470967741935484
7,7,2003-08,4194993.0,2221070.0,1973923.0,19.23870967741936,14.274193548387093,24.28064516129032,7.174193548387094,0.3645161290322581,0.4935483870967742,0.2870967741935484,2003-08,4194993.0,2221070.0,1973923.0,19.23870967741936,14.27419354838709,24.28064516129032,7.174193548387094,0.3645161290322581,0.4935483870967742,0.2870967741935484,2000-08,4096727,2150204,1946523,17.37096774193548,12.299999999999995,21.816129032258065,7.354838709677419,0.6129032258064516,1.6290322580645156,0.9096774193548388
8,8,2004-07,4565684.0,2137750.0,2427934.0,17.103225806451615,12.841935483870964,21.31612903225807,6.85483870967742,1.3354838709677417,3.07741935483871,1.4516129032258065,2004-07,4565684.0,2137750.0,2427934.0,17.10322580645161,12.84193548387096,21.31612903225807,6.85483870967742,1.335483870967742,3.07741935483871,1.451612903225806,2000-09,3897872,1943139,1954733,16.023333333333333,12.71,19.73333333333333,3.78,2.1633333333333336,3.000000000000001,1.2966666666666664
9,9,2004-08,4483625.0,2350963.0,2132662.0,19.0741935483871,15.119354838709675,23.46129032258065,5.974193548387098,2.0903225806451613,6.583870967741937,3.045161290322581,2004-08,4483625.0,2350963.0,2132662.0,19.0741935483871,15.11935483870968,23.46129032258065,5.974193548387098,2.090322580645161,6.583870967741937,3.045161290322581,2000-10,3803796,1938661,1865135,11.638709677419357,8.748387096774193,14.574193548387097,2.5967741935483866,3.2225806451612904,4.516129032258063,1.461290322580645
10,10,2005-07,4795477.0,2243374.0,2552103.0,17.683870967741935,14.05161290322581,21.416129032258056,5.119354838709677,1.564516129032258,5.032258064516129,1.935483870967742,2005-07,4795477.0,2243374.0,2552103.0,17.68387096774194,14.05161290322581,21.41612903225806,5.119354838709677,1.564516129032258,5.032258064516129,1.935483870967742,2000-11,3004146,1511732,1492414,7.92,5.916666666666667,9.82,1.563333333333333,4.176666666666667,6.533333333333332,1.5533333333333337
11,11,2005-08,4695502.0,2459777.0,2235725.0,16.441935483870967,12.209677419354838,20.44516129032258,6.674193548387098,1.3,3.5451612903225795,1.5290322580645164,2005-08,4695502.0,2459777.0,2235725.0,16.44193548387097,12.20967741935484,20.44516129032258,6.674193548387098,1.3,3.54516129032258,1.529032258064516,2000-12,2783392,1360805,1422587,5.448387096774193,3.4000000000000004,7.193548387096773,2.1451612903225805,2.6129032258064515,3.370967741935484,1.1322580645161289
12,12,2006-07,5021544.0,2346390.0,2675154.0,22.174193548387088,16.616129032258065,27.458064516129035,10.454838709677418,0.3483870967741934,0.7838709677419354,0.5580645161290323,2006-07,5021544.0,2346390.0,2675154.0,22.17419354838709,16.61612903225807,27.45806451612903,10.45483870967742,0.3483870967741934,0.7838709677419354,0.5580645161290323,2001-01,2780249,1410283,1369966,3.051612903225806,0.9322580645161292,5.296774193548385,2.338709677419355,1.929032258064516,2.303225806451613,0.8129032258064517
13,13,2006-08,4877589.0,2561406.0,2316183.0,16.670967741935485,12.8741935483871,20.84193548387097,4.377419354838709,2.616129032258064,8.564516129032258,3.412903225806451,2006-08,4877589.0,2561406.0,2316183.0,16.67096774193548,12.8741935483871,20.84193548387097,4.377419354838709,2.616129032258064,8.564516129032258,3.412903225806451,2001-02,2667331,1304053,1363278,4.617857142857143,1.8392857142857144,7.464285714285711,3.1357142857142857,2.792857142857143,3.1214285714285728,0.8999999999999997
14,14,2007-07,5172312.0,2424836.0,2747476.0,17.054838709677416,13.267741935483867,20.738709677419354,6.732258064516129,2.270967741935484,6.2354838709677445,3.4806451612903224,2007-07,5172312.0,2424836.0,2747476.0,17.05483870967742,13.26774193548387,20.73870967741935,6.732258064516129,2.270967741935484,6.235483870967744,3.480645161290322,2001-03,3255834,1651160,1604674,4.909677419354839,2.354838709677419,7.561290322580646,2.4387096774193555,1.632258064516129,2.0290322580645155,0.7419354838709677
15,15,2007-08,5121598.0,2703161.0,2418437.0,17.406451612903226,13.09677419354839,21.751612903225805,6.68709677419355,0.5806451612903226,1.038709677419355,0.6258064516129032,2007-08,5121598.0,2703161.0,2418437.0,17.40645161290323,13.09677419354839,21.7516129032258,6.68709677419355,0.5806451612903226,1.038709677419355,0.6258064516129032,2001-04,3457934,1698837,1759097,8.260000000000002,4.943333333333333,11.716666666666663,4.836666666666667,2.4166666666666656,2.64,0.8766666666666668
16,16,2008-07,5175950.0,2474763.0,2701187.0,18.154838709677424,13.970967741935484,22.34838709677419,6.293548387096774,2.351612903225807,4.554838709677418,1.7516129032258063,2008-07,5175950.0,2474763.0,2701187.0,18.15483870967742,13.97096774193548,22.34838709677419,6.293548387096774,2.351612903225807,4.554838709677418,1.751612903225806,2001-05,3782078,1880738,1901340,13.751612903225809,9.067741935483872,18.216129032258067,8.683870967741933,0.9741935483870968,1.0516129032258066,0.3645161290322581
17,17,2008-08,5025767.0,2655629.0,2370138.0,17.612903225806452,14.048387096774196,21.29032258064516,5.409677419354838,1.361290322580645,3.00967741935484,1.7580645161290325,2008-08,5025767.0,2655629.0,2370138.0,17.61290322580645,14.0483870967742,21.29032258064516,5.409677419354838,1.361290322580645,3.00967741935484,1.758064516129032,2001-06,3841225,1912937,1928288,15.083333333333334,10.803333333333336,19.149999999999995,7.116666666666665,1.0733333333333337,2.1,1.0533333333333332
18,18,2009-07,4851476.0,2275515.0,2575961.0,18.21935483870968,13.970967741935484,22.706451612903223,8.083870967741936,1.461290322580645,2.787096774193549,1.403225806451613,2009-07,4851476.0,2275515.0,2575961.0,18.21935483870968,13.97096774193548,22.70645161290322,8.083870967741936,1.461290322580645,2.787096774193549,1.403225806451613,2001-07,4278757,2011002,2267755,18.416129032258063,13.816129032258068,22.91935483870968,7.167741935483873,0.8129032258064517,1.3129032258064512,0.6677419354838708
19,19,2009-08,4811406.0,2553928.0,2257478.0,18.86774193548387,13.632258064516126,23.79677419354838,7.416129032258063,0.6,1.0064516129032255,0.5258064516129032,2009-08,4811406.0,2553928.0,2257478.0,18.86774193548387,13.63225806451613,23.79677419354838,7.416129032258063,0.6,1.006451612903225,0.5258064516129032,2001-08,4246834,2235051,2011783,18.51935483870968,14.154838709677424,22.92903225806452,5.667741935483871,1.7677419354838708,4.86451612903226,2.4096774193548383
20,20,2010-07,5119203.0,2411334.0,2707869.0,19.50967741935484,14.49677419354839,24.319354838709685,8.316129032258065,0.8129032258064516,2.2322580645161296,1.2129032258064514,2010-07,5119203.0,2411334.0,2707869.0,19.50967741935484,14.49677419354839,24.31935483870969,8.316129032258065,0.8129032258064516,2.23225806451613,1.212903225806451,2001-09,3719690,1857773,1861917,13.91,10.953333333333331,16.983333333333334,3.656666666666666,3.5800000000000005,5.866666666666665,1.8633333333333328
21,21,2010-08,5058056.0,2688839.0,2369217.0,17.012903225806454,13.238709677419356,20.76129032258065,5.503225806451612,2.3741935483870966,6.361290322580646,2.812903225806452,2010-08,5058056.0,2688839.0,2369217.0,17.01290322580645,13.23870967741936,20.76129032258065,5.503225806451612,2.374193548387097,6.361290322580646,2.812903225806452,2001-10,3376995,1724265,1652730,14.516129032258066,11.69032258064516,17.532258064516128,3.664516129032258,1.335483870967742,1.4999999999999998,0.6516129032258065
22,22,2011-07,5627276.0,2668554.0,2958722.0,15.900000000000002,11.95806451612903,19.70645161290323,5.619354838709678,2.9225806451612906,5.029032258064517,1.1870967741935483,2011-07,5627276.0,2668554.0,2958722.0,15.9,11.95806451612903,19.70645161290323,5.619354838709678,2.922580645161291,5.029032258064517,1.187096774193548,2001-11,2730083,1370081,1360002,8.083333333333334,5.180000000000001,10.583333333333334,1.8633333333333333,3.353333333333333,3.806666666666666,1.153333333333333
23,23,2011-08,5540569.0,2904186.0,2636383.0,16.76774193548387,12.670967741935485,20.75161290322581,4.851612903225807,1.8967741935483868,3.9903225806451608,1.9161290322580644,2011-08,5540569.0,2904186.0,2636383.0,16.76774193548387,12.67096774193548,20.75161290322581,4.851612903225807,1.896774193548387,3.990322580645161,1.916129032258064,2001-12,2652554,1292913,1359641,3.751612903225807,0.6129032258064517,6.32258064516129,2.0806451612903225,3.1419354838709674,2.941935483870968,0.8225806451612904
24,24,2012-07,5759003.0,2713559.0,3045444.0,17.280645161290323,13.16774193548387,21.34516129032258,6.825806451612904,2.17741935483871,5.087096774193547,2.0161290322580645,2012-07,5759003.0,2713559.0,3045444.0,17.28064516129032,13.16774193548387,21.34516129032258,6.825806451612904,2.17741935483871,5.087096774193547,2.016129032258065,2002-01,2636649,1336776,1299873,4.638709677419354,2.470967741935484,6.916129032258064,2.4838709677419355,2.4838709677419355,2.283870967741935,0.8419354838709678
25,25,2012-08,5671424.0,2971537.0,2699887.0,18.487096774193542,14.203225806451613,23.125806451612902,7.22258064516129,1.106451612903226,3.870967741935483,1.5483870967741935,2012-08,5671424.0,2971537.0,2699887.0,18.48709677419354,14.20322580645161,23.1258064516129,7.22258064516129,1.106451612903226,3.870967741935483,1.548387096774194,2002-02,2667372,1312182,1355190,7.192857142857143,4.4,9.592857142857143,4.053571428571429,3.675,4.500000000000001,1.2785714285714287
26,26,2013-07,5934128.0,2804005.0,3130123.0,19.170967741935485,14.55161290322581,23.600000000000005,8.429032258064517,0.4645161290322581,0.9870967741935486,0.4709677419354838,2013-07,5934128.0,2804005.0,3130123.0,19.17096774193548,14.55161290322581,23.6,8.429032258064517,0.4645161290322581,0.9870967741935486,0.4709677419354838,2002-03,3249398,1634148,1615250,7.474193548387097,3.867741935483872,11.019354838709678,5.403225806451613,1.2161290322580645,1.1225806451612903,0.4161290322580646
27,27,2013-08,5942981.0,3106009.0,2836972.0,18.4741935483871,13.387096774193548,23.338709677419352,8.016129032258064,0.4612903225806451,0.5806451612903226,0.3935483870967742,2013-08,5942981.0,3106009.0,2836972.0,18.4741935483871,13.38709677419355,23.33870967741935,8.016129032258064,0.4612903225806451,0.5806451612903226,0.3935483870967742,2002-04,3411882,1650092,1761790,9.563333333333327,5.043333333333333,13.81,6.12,1.9866666666666664,1.82,0.5366666666666666
28,28,2014-07,6070119.0,2841054.0,3229065.0,19.63225806451613,15.13225806451613,24.34193548387097,7.361290322580645,1.574193548387097,4.051612903225808,1.4451612903225806,2014-07,6070119.0,2841054.0,3229065.0,19.63225806451613,15.13225806451613,24.34193548387097,7.361290322580645,1.574193548387097,4.051612903225808,1.445161290322581,2002-05,3863240,1953393,1909847,13.351612903225806,9.325806451612902,17.29032258064516,6.419354838709678,1.4032258064516128,1.5806451612903225,0.5645161290322581
29,29,2014-08,6261369.0,3272798.0,2988571.0,16.35483870967742,12.348387096774193,20.477419354838705,6.293548387096774,2.280645161290322,5.025806451612904,2.109677419354838,2014-08,6261369.0,3272798.0,2988571.0,16.35483870967742,12.34838709677419,20.47741935483871,6.293548387096774,2.280645161290322,5.025806451612904,2.109677419354838,2002-06,3814245,1878689,1935556,16.339999999999996,12.166666666666668,20.43666666666667,6.566666666666666,1.3333333333333333,1.9066666666666667,0.846666666666667
30,30,2015-07,6568499.0,3093605.0,3474894.0,18.25483870967741,13.5258064516129,22.725806451612904,7.474193548387097,1.6709677419354838,3.07741935483871,1.1225806451612903,2015-07,6568499.0,3093605.0,3474894.0,18.25483870967741,13.5258064516129,22.7258064516129,7.474193548387097,1.670967741935484,3.07741935483871,1.12258064516129,2002-07,4289281,2034750,2254531,17.258064516129032,13.306451612903228,21.32258064516129,5.612903225806451,1.825806451612904,3.070967741935484,1.6903225806451612
31,31,2015-08,6606203.0,3459913.0,3146290.0,18.52258064516129,14.235483870967744,23.119354838709675,6.751612903225807,2.393548387096774,4.422580645161289,1.883870967741936,2015-08,6606203.0,3459913.0,3146290.0,18.52258064516129,14.23548387096774,23.11935483870968,6.751612903225807,2.393548387096774,4.422580645161289,1.883870967741936,2002-08,4276395,2238757,2037638,18.75483870967741,14.483870967741934,22.70967741935484,5.080645161290323,1.190322580645161,3.338709677419355,1.2741935483870968
32,32,2016-07,7074939.0,3325563.0,3749376.0,18.34193548387097,13.9741935483871,22.5,7.174193548387097,0.5903225806451613,1.1516129032258062,0.7580645161290321,2016-07,7074939.0,3325563.0,3749376.0,18.34193548387097,13.9741935483871,22.5,7.174193548387097,0.5903225806451613,1.151612903225806,0.7580645161290321,2002-09,4020765,1996530,2024235,15.336666666666666,11.416666666666664,19.66666666666667,5.123333333333333,0.76,1.1366666666666665,0.5333333333333333
33,33,2016-08,7115921.0,3718176.0,3397745.0,18.151612903225807,13.59032258064516,22.27741935483872,7.754838709677419,1.6354838709677415,4.300000000000001,2.003225806451613,2016-08,7115921.0,3718176.0,3397745.0,18.15161290322581,13.59032258064516,22.27741935483872,7.754838709677419,1.635483870967742,4.300000000000001,2.003225806451613,2002-10,3862884,1964088,1898796,9.999999999999998,6.674193548387097,13.193548387096778,3.503225806451613,2.551612903225806,3.387096774193548,1.1032258064516127
34,34,2017-07,7532873.0,3560737.0,3972136.0,17.95483870967742,13.351612903225808,22.35806451612904,6.680645161290324,1.7032258064516128,3.95483870967742,1.874193548387097,2017-07,7532873.0,3560737.0,3972136.0,17.95483870967742,13.35161290322581,22.35806451612904,6.680645161290324,1.703225806451613,3.95483870967742,1.874193548387097,2002-11,2977998,1496868,1481130,8.21,5.273333333333334,10.903333333333336,2.283333333333333,2.563333333333333,3.4233333333333333,1.2566666666666664
35,35,2017-08,7608101.0,3944170.0,3663931.0,17.53870967741935,12.9258064516129,21.90967741935484,6.05483870967742,1.5258064516129033,3.064516129032258,1.1387096774193548,2017-08,7608101.0,3944170.0,3663931.0,17.53870967741935,12.9258064516129,21.90967741935484,6.05483870967742,1.525806451612903,3.064516129032258,1.138709677419355,2002-12,2912646,1418289,1494357,2.9096774193548387,0.9193548387096772,4.848387096774193,1.4193548387096773,2.57741935483871,3.103225806451613,0.864516129032258
36,36,2018-07,7691695.0,3621660.0,4070035.0,20.5741935483871,14.503225806451612,26.206451612903223,11.061290322580648,0.1129032258064516,0.1225806451612903,0.0806451612903225,2018-07,7691695.0,3621660.0,4070035.0,20.5741935483871,14.50322580645161,26.20645161290322,11.06129032258065,0.1129032258064516,0.1225806451612903,0.0806451612903225,2003-01,2813139,1427419,1385720,3.038709677419356,0.4290322580645163,5.325806451612903,2.4225806451612906,2.9322580645161285,3.1387096774193544,0.7806451612903228
37,37,2018-08,7786633.0,4018842.0,3767791.0,18.69354838709678,13.722580645161294,23.54516129032258,6.706451612903226,1.2612903225806449,2.62258064516129,1.0387096774193547,2018-08,7786633.0,4018842.0,3767791.0,18.69354838709678,13.72258064516129,23.54516129032258,6.706451612903226,1.261290322580645,2.62258064516129,1.038709677419355,2003-02,2741087,1346064,1395023,2.392857142857143,-0.9142857142857144,6.039285714285714,5.539285714285716,0.9107142857142856,0.8035714285714285,0.2821428571428572
38,38,2019-07,7730263.0,3633107.0,4097156.0,18.65806451612903,13.858064516129032,23.7258064516129,8.125806451612904,0.896774193548387,1.3870967741935485,0.5548387096774194,2019-07,7730263.0,3633107.0,4097156.0,18.65806451612903,13.85806451612903,23.7258064516129,8.125806451612904,0.896774193548387,1.387096774193548,0.5548387096774194,2003-03,3099952,1576809,1523143,7.354838709677419,2.6258064516129034,12.219354838709682,6.541935483870969,0.6903225806451614,0.4806451612903226,0.1709677419354839
39,39,2019-08,7859458.0,4067875.0,3791583.0,18.82258064516129,13.967741935483874,23.51935483870968,7.76774193548387,1.0903225806451613,1.7999999999999996,0.7354838709677418,2019-08,7859458.0,4067875.0,3791583.0,18.82258064516129,13.96774193548387,23.51935483870968,7.76774193548387,1.090322580645161,1.8,0.7354838709677418,2003-04,3108279,1496581,1611698,10.18666666666667,4.96,14.996666666666664,8.089999999999998,0.93,1.61,0.8866666666666666
40,40,2020-07,1690515.0,760514.0,930001.0,17.009677419354837,12.59677419354839,21.09354838709677,7.090322580645161,2.161290322580645,2.045161290322581,0.6516129032258066,2020-07,1690515.0,760514.0,930001.0,17.00967741935484,12.59677419354839,21.09354838709677,7.090322580645161,2.161290322580645,2.045161290322581,0.6516129032258066,2003-05,3553181,1782708,1770473,13.251612903225809,9.164516129032258,17.064516129032253,6.909677419354838,2.229032258064516,3.270967741935484,1.1935483870967742
41,41,2020-08,2242935.0,1198701.0,1044234.0,20.5483870967742,15.7258064516129,25.50967741935484,7.509677419354841,1.1806451612903224,2.5612903225806454,1.1645161290322583,2020-08,2242935.0,1198701.0,1044234.0,20.5483870967742,15.7258064516129,25.50967741935484,7.509677419354841,1.180645161290322,2.561290322580645,1.164516129032258,2003-06,3695057,1822519,1872538,17.41,11.513333333333332,22.329999999999995,8.453333333333331,0.4066666666666666,0.7399999999999998,0.5233333333333334
42,42,2021-07,3515159.0,1584635.0,1930524.0,17.990322580645163,13.803225806451614,22.351612903225806,6.432258064516129,0.6580645161290323,1.9580645161290324,1.238709677419355,2021-07,3515159.0,1584635.0,1930524.0,17.99032258064516,13.80322580645161,22.35161290322581,6.432258064516129,0.6580645161290323,1.958064516129032,1.238709677419355,2003-07,4244484,2010027,2234457,18.68064516129032,13.419354838709676,23.429032258064527,7.754838709677419,1.035483870967742,1.3806451612903223,0.6516129032258065
43,43,2021-08,4479180.0,2368993.0,2110187.0,17.08064516129032,13.206451612903228,21.09032258064516,5.409677419354841,0.8870967741935484,2.980645161290324,1.8806451612903223,2021-08,4479180.0,2368993.0,2110187.0,17.08064516129032,13.20645161290323,21.09032258064516,5.409677419354841,0.8870967741935484,2.980645161290324,1.880645161290322,2003-08,4194993,2221070,1973923,19.23870967741936,14.274193548387093,24.28064516129032,7.174193548387094,0.3645161290322581,0.4935483870967742,0.2870967741935484
44,44,,,,,,,,,,,,,,,,,,,,,,,2003-09,3898022,1931401,1966621,14.836666666666668,9.310000000000004,20.18,6.819999999999999,1.3199999999999998,1.8300000000000003,0.7766666666666666
45,45,,,,,,,,,,,,,,,,,,,,,,,2003-10,3915075,1989708,1925367,8.548387096774192,4.538709677419356,12.506451612903223,4.787096774193548,1.729032258064516,2.764516129032258,0.7161290322580645
46,46,,,,,,,,,,,,,,,,,,,,,,,2003-11,3067998,1538955,1529043,8.096666666666668,5.416666666666667,10.736666666666665,2.1533333333333338,1.583333333333333,1.5566666666666664,0.5433333333333333
47,47,,,,,,,,,,,,,,,,,,,,,,,2003-12,2932855,1431518,1501337,4.577419354838711,1.6774193548387095,7.138709677419355,1.8516129032258064,2.05483870967742,2.916129032258065,0.7741935483870966
48,48,,,,,,,,,,,,,,,,,,,,,,,2004-01,2818427,1424496,1393931,3.909677419354838,1.164516129032258,6.254838709677418,1.6129032258064515,3.45483870967742,3.425806451612903,0.9290322580645162
49,49,,,,,,,,,,,,,,,,,,,,,,,2004-02,2922639,1439234,1483405,5.096551724137932,2.331034482758621,7.717241379310345,2.641379310344828,2.372413793103448,2.7,1.0034482758620686
50,50,,,,,,,,,,,,,,,,,,,,,,,2004-03,3382340,1718281,1664059,6.135483870967741,1.9677419354838712,10.09677419354839,4.477419354838711,0.9806451612903226,1.3870967741935485,0.664516129032258
51,51,,,,,,,,,,,,,,,,,,,,,,,2004-04,3657936,1773840,1884096,10.636666666666668,6.03,15.173333333333334,6.046666666666667,0.97,1.0399999999999998,0.4966666666666667
52,52,,,,,,,,,,,,,,,,,,,,,,,2004-05,4076485,2049899,2026586,12.141935483870968,7.496774193548387,16.532258064516128,7.180645161290322,0.7225806451612904,0.6870967741935484,0.2129032258064516
53,53,,,,,,,,,,,,,,,,,,,,,,,2004-06,4008925,2001351,2007574,15.789999999999996,10.996666666666666,20.05333333333333,6.096666666666667,1.48,2.243333333333333,0.8933333333333334
54,54,,,,,,,,,,,,,,,,,,,,,,,2004-07,4565684,2137750,2427934,17.103225806451615,12.841935483870964,21.31612903225807,6.85483870967742,1.3354838709677417,3.07741935483871,1.4516129032258065
55,55,,,,,,,,,,,,,,,,,,,,,,,2004-08,4483625,2350963,2132662,19.0741935483871,15.119354838709675,23.46129032258065,5.974193548387098,2.0903225806451613,6.583870967741937,3.045161290322581
56,56,,,,,,,,,,,,,,,,,,,,,,,2004-09,4153659,2067063,2086596,15.71333333333333,11.773333333333332,19.683333333333334,6.266666666666665,1.8133333333333337,3.613333333333333,1.56
57,57,,,,,,,,,,,,,,,,,,,,,,,2004-10,4155554,2105582,2049972,11.632258064516128,8.499999999999998,15.10645161290322,3.945161290322581,1.82258064516129,2.1516129032258067,0.864516129032258
58,58,,,,,,,,,,,,,,,,,,,,,,,2004-11,3247807,1626629,1621178,6.933333333333335,3.786666666666666,9.736666666666668,1.62,2.3,2.3,0.6466666666666664
59,59,,,,,,,,,,,,,,,,,,,,,,,2004-12,3102830,1513011,1589819,4.054838709677419,0.8709677419354839,6.777419354838709,1.6612903225806448,1.6870967741935483,1.2741935483870968,0.3838709677419355
60,60,,,,,,,,,,,,,,,,,,,,,,,2005-01,3082853,1553002,1529851,5.596774193548387,3.161290322580645,7.967741935483871,2.835483870967741,1.5483870967741935,1.3354838709677423,0.5774193548387098
61,61,,,,,,,,,,,,,,,,,,,,,,,2005-02,2960333,1471477,1488856,2.814285714285714,-0.0178571428571428,5.4821428571428585,3.25,1.8500000000000008,1.9821428571428568,0.6535714285714286
62,62,,,,,,,,,,,,,,,,,,,,,,,2005-03,3442365,1727088,1715277,6.345161290322581,2.696774193548387,9.770967741935484,3.451612903225806,1.4451612903225806,1.132258064516129,0.3709677419354839
63,63,,,,,,,,,,,,,,,,,,,,,,,2005-04,3735323,1822611,1912712,10.366666666666667,5.816666666666667,14.99,6.46,2.313333333333333,2.26,0.8533333333333333
64,64,,,,,,,,,,,,,,,,,,,,,,,2005-05,4328422,2159477,2168945,12.716129032258062,8.016129032258064,17.429032258064517,7.199999999999997,1.0612903225806454,1.1451612903225803,0.6258064516129032
65,65,,,,,,,,,,,,,,,,,,,,,,,2005-06,4196547,2081012,2115535,16.823333333333338,12.206666666666672,21.62,7.793333333333334,0.8800000000000002,2.063333333333333,0.99
66,66,,,,,,,,,,,,,,,,,,,,,,,2005-07,4795477,2243374,2552103,17.683870967741935,14.05161290322581,21.416129032258056,5.119354838709677,1.564516129032258,5.032258064516129,1.935483870967742
67,67,,,,,,,,,,,,,,,,,,,,,,,2005-08,4695502,2459777,2235725,16.441935483870967,12.209677419354838,20.44516129032258,6.674193548387098,1.3,3.5451612903225795,1.5290322580645164
68,68,,,,,,,,,,,,,,,,,,,,,,,2005-09,4377505,2181782,2195723,16.419999999999995,12.413333333333336,20.7,6.529999999999999,0.9433333333333334,2.1,0.8833333333333333
69,69,,,,,,,,,,,,,,,,,,,,,,,2005-10,4297973,2180117,2117856,13.638709677419357,10.332258064516129,17.38064516129032,5.206451612903226,1.1387096774193548,1.996774193548387,0.7096774193548386
70,70,,,,,,,,,,,,,,,,,,,,,,,2005-11,3362422,1678268,1684154,7.413333333333335,4.163333333333331,10.473333333333333,2.243333333333333,1.7899999999999998,2.966666666666667,0.8800000000000002
71,71,,,,,,,,,,,,,,,,,,,,,,,2005-12,3213586,1564959,1648627,4.454838709677419,1.8225806451612905,6.764516129032256,2.3838709677419363,1.835483870967742,2.3483870967741938,0.7225806451612903
72,72,,,,,,,,,,,,,,,,,,,,,,,2006-01,3167956,1600916,1567040,1.85483870967742,-1.1419354838709677,4.358064516129032,2.606451612903226,0.6741935483870968,0.5258064516129033,0.2129032258064516
73,73,,,,,,,,,,,,,,,,,,,,,,,2006-02,3001753,1478158,1523595,3.2035714285714283,1.1642857142857144,5.389285714285713,2.067857142857143,1.7678571428571428,2.0357142857142856,0.5607142857142857
74,74,,,,,,,,,,,,,,,,,,,,,,,2006-03,3571343,1801205,1770138,3.945161290322581,0.6612903225806452,7.183870967741934,4.774193548387096,1.67741935483871,2.306451612903226,0.8612903225806449
75,75,,,,,,,,,,,,,,,,,,,,,,,2006-04,3990145,1947062,2043083,8.653333333333334,4.863333333333333,12.449999999999998,5.979999999999999,1.52,1.413333333333333,0.6
76,76,,,,,,,,,,,,,,,,,,,,,,,2006-05,4472259,2237114,2235145,14.23870967741936,9.96774193548387,18.490322580645163,6.5,2.051612903225806,3.038709677419356,1.0806451612903225
77,77,,,,,,,,,,,,,,,,,,,,,,,2006-06,4487988,2239408,2248580,16.450000000000003,11.293333333333331,21.15666666666667,8.853333333333333,0.9233333333333332,1.27,0.4266666666666667
78,78,,,,,,,,,,,,,,,,,,,,,,,2006-07,5021544,2346390,2675154,22.174193548387088,16.616129032258065,27.458064516129035,10.454838709677418,0.3483870967741934,0.7838709677419354,0.5580645161290323
79,79,,,,,,,,,,,,,,,,,,,,,,,2006-08,4877589,2561406,2316183,16.670967741935485,12.8741935483871,20.84193548387097,4.377419354838709,2.616129032258064,8.564516129032258,3.412903225806451
80,80,,,,,,,,,,,,,,,,,,,,,,,2006-09,4563348,2281805,2281543,18.146666666666665,13.94,22.613333333333333,6.213333333333334,0.4166666666666667,0.5366666666666668,0.3366666666666666
81,81,,,,,,,,,,,,,,,,,,,,,,,2006-10,4452338,2250255,2202083,13.72258064516129,9.93225806451613,17.051612903225802,3.4451612903225803,2.1387096774193552,4.345161290322581,1.7354838709677416
82,82,,,,,,,,,,,,,,,,,,,,,,,2006-11,3535989,1777377,1758612,9.523333333333332,6.366666666666666,12.356666666666664,2.486666666666667,2.533333333333333,2.9033333333333338,0.8733333333333334
83,83,,,,,,,,,,,,,,,,,,,,,,,2006-12,3454304,1678294,1776010,6.932258064516128,4.4548387096774205,9.429032258064517,1.2000000000000002,2.5645161290322585,2.980645161290324,0.8161290322580645
84,84,,,,,,,,,,,,,,,,,,,,,,,2007-01,3331523,1697485,1634038,7.383870967741936,4.770967741935484,9.783870967741937,1.825806451612904,2.7032258064516124,2.9258064516129028,0.9354838709677415
85,85,,,,,,,,,,,,,,,,,,,,,,,2007-02,3213977,1582442,1631535,6.05,3.103571428571428,8.953571428571431,1.9392857142857145,2.975,2.0892857142857144,0.7214285714285714
86,86,,,,,,,,,,,,,,,,,,,,,,,2007-03,3896807,1974602,1922205,8.216129032258062,4.396774193548388,12.14516129032258,5.870967741935485,2.1838709677419352,2.3806451612903223,0.8741935483870968
87,87,,,,,,,,,,,,,,,,,,,,,,,2007-04,4121803,2015658,2106145,12.933333333333334,7.666666666666665,18.630000000000003,9.54,0.0,-0.0066666666666666,-0.0066666666666666
88,88,,,,,,,,,,,,,,,,,,,,,,,2007-05,4566599,2293318,2273281,13.958064516129031,9.467741935483874,18.338709677419352,6.893548387096774,2.519354838709677,3.2935483870967737,1.0419354838709678
89,89,,,,,,,,,,,,,,,,,,,,,,,2007-06,4529566,2254865,2274701,17.193333333333335,13.640000000000002,21.183333333333337,6.286666666666666,2.1133333333333333,4.579999999999999,2.1966666666666668
90,90,,,,,,,,,,,,,,,,,,,,,,,2007-07,5172312,2424836,2747476,17.054838709677416,13.267741935483867,20.738709677419354,6.732258064516129,2.270967741935484,6.2354838709677445,3.4806451612903224
91,91,,,,,,,,,,,,,,,,,,,,,,,2007-08,5121598,2703161,2418437,17.406451612903226,13.09677419354839,21.751612903225805,6.68709677419355,0.5806451612903226,1.038709677419355,0.6258064516129032
92,92,,,,,,,,,,,,,,,,,,,,,,,2007-09,4713449,2352209,2361240,14.330000000000002,10.31,18.03333333333333,4.053333333333334,2.3266666666666667,3.17,1.03
93,93,,,,,,,,,,,,,,,,,,,,,,,2007-10,4656638,2359933,2296705,10.587096774193547,6.741935483870966,14.064516129032256,3.938709677419354,0.7516129032258064,0.7612903225806451,0.3612903225806452
94,94,,,,,,,,,,,,,,,,,,,,,,,2007-11,3647578,1833621,1813957,7.379999999999999,4.266666666666667,10.156666666666665,2.0766666666666667,1.9133333333333336,1.8766666666666667,0.6733333333333332
95,95,,,,,,,,,,,,,,,,,,,,,,,2007-12,3545823,1734500,1811323,4.229032258064516,1.719354838709677,6.474193548387099,2.087096774193548,1.8709677419354835,2.24516129032258,0.6774193548387094
96,96,,,,,,,,,,,,,,,,,,,,,,,2008-01,3388686,1719180,1669506,6.558064516129033,3.993548387096775,8.661290322580646,1.3903225806451611,3.0580645161290323,2.4451612903225803,0.7741935483870968
97,97,,,,,,,,,,,,,,,,,,,,,,,2008-02,3348700,1654896,1693804,5.458620689655172,1.6448275862068966,9.017241379310343,4.610344827586206,0.8724137931034484,0.6862068965517242,0.3103448275862069
98,98,,,,,,,,,,,,,,,,,,,,,,,2008-03,3973721,2008137,1965584,5.906451612903227,2.2483870967741937,9.025806451612905,3.903225806451613,3.419354838709677,3.438709677419354,0.8967741935483872
99,99,,,,,,,,,,,,,,,,,,,,,,,2008-04,4156519,1986749,2169770,8.93666666666667,4.6466666666666665,13.473333333333334,6.336666666666668,1.0333333333333334,1.0599999999999998,0.38
100,100,,,,,,,,,,,,,,,,,,,,,,,2008-05,4713826,2414857,2298969,15.661290322580646,10.38709677419355,20.206451612903223,9.206451612903226,1.138709677419355,1.8387096774193548,0.8129032258064517
101,101,,,,,,,,,,,,,,,,,,,,,,,2008-06,4704148,2314121,2390027,16.393333333333338,11.573333333333332,20.730000000000004,8.133333333333335,0.5166666666666667,0.7,0.4166666666666667
102,102,,,,,,,,,,,,,,,,,,,,,,,2008-07,5175950,2474763,2701187,18.154838709677424,13.970967741935484,22.34838709677419,6.293548387096774,2.351612903225807,4.554838709677418,1.7516129032258063
103,103,,,,,,,,,,,,,,,,,,,,,,,2008-08,5025767,2655629,2370138,17.612903225806452,14.048387096774196,21.29032258064516,5.409677419354838,1.361290322580645,3.00967741935484,1.7580645161290325
104,104,,,,,,,,,,,,,,,,,,,,,,,2008-09,4600637,2298267,2302370,14.166666666666668,10.336666666666668,17.95,5.116666666666666,1.2800000000000002,1.153333333333333,0.5333333333333333
105,105,,,,,,,,,,,,,,,,,,,,,,,2008-10,4560314,2311797,2248517,10.40645161290323,6.235483870967742,13.877419354838707,4.048387096774194,2.629032258064516,3.438709677419355,1.0129032258064514
106,106,,,,,,,,,,,,,,,,,,,,,,,2008-11,3443549,1736355,1707194,7.273333333333331,4.52,9.509999999999998,1.9433333333333336,2.9033333333333333,2.8433333333333337,0.7933333333333332
107,107,,,,,,,,,,,,,,,,,,,,,,,2008-12,3333873,1632437,1701436,2.664516129032258,-0.2419354838709678,5.399999999999999,2.7161290322580647,1.574193548387097,1.32258064516129,0.4677419354838709
108,108,,,,,,,,,,,,,,,,,,,,,,,2009-01,3072606,1564965,1507641,1.2161290322580645,-1.7129032258064516,4.032258064516129,3.2774193548387105,2.129032258064516,1.529032258064516,0.5096774193548387
109,109,,,,,,,,,,,,,,,,,,,,,,,2009-02,2891262,1432485,1458777,3.3285714285714283,0.4999999999999999,5.975,1.7928571428571431,2.7392857142857143,1.571428571428571,0.5249999999999999
110,110,,,,,,,,,,,,,,,,,,,,,,,2009-03,3390581,1719615,1670966,6.41290322580645,2.7,10.003225806451614,5.058064516129032,1.6258064516129032,1.238709677419355,0.4516129032258064
111,111,,,,,,,,,,,,,,,,,,,,,,,2009-04,3888685,1886896,2001789,11.890000000000004,6.516666666666668,17.176666666666666,7.7266666666666675,0.8033333333333333,0.4733333333333333,0.2333333333333333
112,112,,,,,,,,,,,,,,,,,,,,,,,2009-05,4173577,2122143,2051434,13.670967741935485,8.719354838709679,18.10322580645161,8.412903225806453,1.732258064516129,4.041935483870968,2.0967741935483866
113,113,,,,,,,,,,,,,,,,,,,,,,,2009-06,4130139,2073981,2056158,15.633333333333336,10.696666666666667,20.23333333333333,8.370000000000001,1.1466666666666667,1.7766666666666666,0.9566666666666668
114,114,,,,,,,,,,,,,,,,,,,,,,,2009-07,4851476,2275515,2575961,18.21935483870968,13.970967741935484,22.706451612903223,8.083870967741936,1.461290322580645,2.787096774193549,1.403225806451613
115,115,,,,,,,,,,,,,,,,,,,,,,,2009-08,4811406,2553928,2257478,18.86774193548387,13.632258064516126,23.79677419354838,7.416129032258063,0.6,1.0064516129032255,0.5258064516129032
116,116,,,,,,,,,,,,,,,,,,,,,,,2009-09,4322719,2170571,2152148,15.486666666666665,11.54,19.416666666666668,5.046666666666666,0.7600000000000001,1.176666666666666,0.4166666666666667
117,117,,,,,,,,,,,,,,,,,,,,,,,2009-10,4274814,2164348,2110466,11.119354838709675,7.387096774193548,14.61935483870968,3.706451612903226,1.37741935483871,1.929032258064516,1.029032258064516
118,118,,,,,,,,,,,,,,,,,,,,,,,2009-11,3355439,1695362,1660077,9.390000000000002,6.293333333333335,11.956666666666669,1.5766666666666664,2.89,3.87,1.2899999999999996
119,119,,,,,,,,,,,,,,,,,,,,,,,2009-12,3293039,1620230,1672809,2.7290322580645165,0.0967741935483868,4.883870967741936,2.0161290322580654,2.693548387096774,1.94516129032258,0.735483870967742
120,120,,,,,,,,,,,,,,,,,,,,,,,2010-01,3114971,1579515,1535456,-0.2225806451612901,-3.258064516129032,1.8870967741935487,2.109677419354839,2.083870967741935,1.029032258064516,0.2838709677419354
121,121,,,,,,,,,,,,,,,,,,,,,,,2010-02,3049444,1509935,1539509,1.5642857142857138,-1.2357142857142858,4.067857142857144,2.039285714285714,3.2607142857142857,2.025,0.5535714285714286
122,122,,,,,,,,,,,,,,,,,,,,,,,2010-03,3697355,1878703,1818652,6.20967741935484,2.119354838709677,10.035483870967743,4.699999999999998,1.567741935483871,1.2870967741935486,0.5161290322580645
123,123,,,,,,,,,,,,,,,,,,,,,,,2010-04,3213665,1566719,1646946,9.57666666666667,4.706666666666666,14.469999999999995,8.72,1.0133333333333332,0.8666666666666667,0.34
124,124,,,,,,,,,,,,,,,,,,,,,,,2010-05,4447089,2239429,2207660,10.348387096774196,5.570967741935484,14.374193548387098,6.603225806451613,2.0032258064516126,1.632258064516129,0.5516129032258064
125,125,,,,,,,,,,,,,,,,,,,,,,,2010-06,4442139,2227879,2214260,16.196666666666673,10.933333333333334,21.16,9.053333333333336,0.5499999999999999,0.9299999999999998,0.6299999999999998
126,126,,,,,,,,,,,,,,,,,,,,,,,2010-07,5119203,2411334,2707869,19.50967741935484,14.49677419354839,24.319354838709685,8.316129032258065,0.8129032258064516,2.2322580645161296,1.2129032258064514
127,127,,,,,,,,,,,,,,,,,,,,,,,2010-08,5058056,2688839,2369217,17.012903225806454,13.238709677419356,20.76129032258065,5.503225806451612,2.3741935483870966,6.361290322580646,2.812903225806452
128,128,,,,,,,,,,,,,,,,,,,,,,,2010-09,4623783,2317813,2305970,13.859999999999998,9.603333333333332,17.71333333333333,4.236666666666667,2.47,2.8600000000000003,0.9966666666666666
129,129,,,,,,,,,,,,,,,,,,,,,,,2010-10,4666071,2364053,2302018,11.029032258064513,7.070967741935486,14.387096774193546,3.729032258064516,1.8096774193548388,1.6806451612903224,0.5096774193548387
130,130,,,,,,,,,,,,,,,,,,,,,,,2010-11,3719403,1886706,1832697,5.92,3.123333333333333,8.38,1.93,2.1966666666666668,2.076666666666667,0.6933333333333335
131,131,,,,,,,,,,,,,,,,,,,,,,,2010-12,3440349,1699164,1741185,-0.7000000000000002,-4.0612903225806445,1.558064516129032,1.2516129032258063,1.8225806451612905,1.2451612903225802,0.3806451612903226
132,132,,,,,,,,,,,,,,,,,,,,,,,2011-01,3466587,1763962,1702625,3.587096774193548,0.6483870967741935,6.029032258064518,2.277419354838709,2.4096774193548387,2.093548387096775,0.6322580645161288
133,133,,,,,,,,,,,,,,,,,,,,,,,2011-02,3251624,1610726,1640898,4.657142857142857,1.875,7.185714285714283,2.45,2.385714285714285,1.5071428571428571,0.4285714285714285
134,134,,,,,,,,,,,,,,,,,,,,,,,2011-03,3921482,1994598,1926884,6.112903225806454,1.7483870967741937,10.893548387096772,6.141935483870968,0.4580645161290322,0.2354838709677419,0.1096774193548387
135,135,,,,,,,,,,,,,,,,,,,,,,,2011-04,4466794,2193871,2272923,13.026666666666666,7.67,18.44666666666667,8.956666666666669,0.3066666666666666,0.2799999999999999,0.18
136,136,,,,,,,,,,,,,,,,,,,,,,,2011-05,4916693,2485110,2431583,14.016129032258064,8.983870967741936,18.709677419354843,8.493548387096771,0.6580645161290323,0.4580645161290322,0.2419354838709677
137,137,,,,,,,,,,,,,,,,,,,,,,,2011-06,4939490,2480462,2459028,16.106666666666666,11.806666666666668,20.416666666666668,7.273333333333332,1.89,3.113333333333334,1.59
138,138,,,,,,,,,,,,,,,,,,,,,,,2011-07,5627276,2668554,2958722,15.900000000000002,11.95806451612903,19.70645161290323,5.619354838709678,2.9225806451612906,5.029032258064517,1.1870967741935483
139,139,,,,,,,,,,,,,,,,,,,,,,,2011-08,5540569,2904186,2636383,16.76774193548387,12.670967741935485,20.75161290322581,4.851612903225807,1.8967741935483868,3.9903225806451608,1.9161290322580644
140,140,,,,,,,,,,,,,,,,,,,,,,,2011-09,5128892,2586515,2542377,15.883333333333336,11.706666666666669,20.04666666666666,5.243333333333334,0.7933333333333334,1.603333333333333,0.7666666666666665
141,141,,,,,,,,,,,,,,,,,,,,,,,2011-10,5024163,2544469,2479694,11.858064516129028,8.193548387096776,15.74516129032258,4.6645161290322585,1.8870967741935485,2.425806451612903,0.7483870967741936
142,142,,,,,,,,,,,,,,,,,,,,,,,2011-11,3807138,1925189,1881949,7.663333333333333,4.673333333333333,10.956666666666663,3.289999999999999,0.3066666666666666,0.1233333333333333,0.06
143,143,,,,,,,,,,,,,,,,,,,,,,,2011-12,3777434,1840313,1937121,6.616129032258064,3.977419354838711,8.648387096774192,1.8903225806451616,3.6225806451612894,4.374193548387097,1.4064516129032256
144,144,,,,,,,,,,,,,,,,,,,,,,,2012-01,3675761,1878969,1796792,4.903225806451615,2.116129032258064,7.425806451612905,2.335483870967741,1.9,2.2193548387096773,0.7032258064516128
145,145,,,,,,,,,,,,,,,,,,,,,,,2012-02,3552136,1743950,1808186,1.06551724137931,-2.586206896551725,3.7551724137931033,3.875862068965517,1.0103448275862068,0.7965517241379308,0.2862068965517241
146,146,,,,,,,,,,,,,,,,,,,,,,,2012-03,4177498,2128958,2048540,8.025806451612905,3.606451612903226,12.277419354838708,5.387096774193548,0.664516129032258,0.6387096774193549,0.1806451612903225
147,147,,,,,,,,,,,,,,,,,,,,,,,2012-04,4568847,2241495,2327352,8.286666666666665,4.010000000000001,12.406666666666665,5.180000000000001,1.9466666666666663,1.83,0.72
148,148,,,,,,,,,,,,,,,,,,,,,,,2012-05,5027940,2524338,2503602,14.112903225806454,9.483870967741938,18.580645161290327,7.361290322580646,1.2000000000000002,2.2,1.058064516129032
149,149,,,,,,,,,,,,,,,,,,,,,,,2012-06,5078079,2535350,2542729,14.846666666666666,10.673333333333334,18.74,6.043333333333334,1.9366666666666668,3.03,1.2466666666666666
150,150,,,,,,,,,,,,,,,,,,,,,,,2012-07,5759003,2713559,3045444,17.280645161290323,13.16774193548387,21.34516129032258,6.825806451612904,2.17741935483871,5.087096774193547,2.0161290322580645
151,151,,,,,,,,,,,,,,,,,,,,,,,2012-08,5671424,2971537,2699887,18.487096774193542,14.203225806451613,23.125806451612902,7.22258064516129,1.106451612903226,3.870967741935483,1.5483870967741935
152,152,,,,,,,,,,,,,,,,,,,,,,,2012-09,5239374,2638183,2601191,14.476666666666665,10.163333333333336,18.62,5.726666666666668,1.0566666666666666,2.0866666666666664,0.8033333333333333
153,153,,,,,,,,,,,,,,,,,,,,,,,2012-10,5100023,2585686,2514337,10.748387096774191,7.45806451612903,14.199999999999998,3.3774193548387093,2.9322580645161285,3.7387096774193553,1.1612903225806452
154,154,,,,,,,,,,,,,,,,,,,,,,,2012-11,3944666,1991565,1953101,6.866666666666668,3.5833333333333344,9.683333333333334,2.29,1.836666666666667,2.036666666666666,0.8366666666666666
155,155,,,,,,,,,,,,,,,,,,,,,,,2012-12,3858569,1880368,1978201,5.132258064516129,2.448387096774194,7.367741935483871,1.3580645161290323,4.351612903225807,3.983870967741936,1.1548387096774195
156,156,,,,,,,,,,,,,,,,,,,,,,,2013-01,3670053,1866007,1804046,2.116129032258064,-0.4774193548387094,4.238709677419355,2.441935483870968,2.2806451612903227,1.5,0.4451612903225808
157,157,,,,,,,,,,,,,,,,,,,,,,,2013-02,3563751,1765193,1798558,1.8178571428571424,-0.7392857142857142,4.289285714285714,3.6035714285714286,1.8785714285714288,1.15,0.375
158,158,,,,,,,,,,,,,,,,,,,,,,,2013-03,4341934,2189392,2152542,2.512903225806451,-0.8064516129032256,6.048387096774195,4.351612903225806,1.7451612903225808,1.2451612903225802,0.2645161290322581
159,159,,,,,,,,,,,,,,,,,,,,,,,2013-04,4779391,2337110,2442281,7.906666666666667,3.2033333333333336,12.663333333333334,6.73,0.9466666666666668,0.8633333333333333,0.4266666666666667
160,160,,,,,,,,,,,,,,,,,,,,,,,2013-05,5440427,2742625,2697802,11.31290322580645,6.964516129032257,15.480645161290324,5.712903225806451,2.367741935483872,3.393548387096774,1.216129032258065
161,161,,,,,,,,,,,,,,,,,,,,,,,2013-06,5404974,2691770,2713204,14.953333333333337,10.716666666666669,19.126666666666665,6.460000000000002,1.3033333333333337,1.7633333333333332,0.7399999999999999
162,162,,,,,,,,,,,,,,,,,,,,,,,2013-07,5934128,2804005,3130123,19.170967741935485,14.55161290322581,23.600000000000005,8.429032258064517,0.4645161290322581,0.9870967741935486,0.4709677419354838
163,163,,,,,,,,,,,,,,,,,,,,,,,2013-08,5942981,3106009,2836972,18.4741935483871,13.387096774193548,23.338709677419352,8.016129032258064,0.4612903225806451,0.5806451612903226,0.3935483870967742
164,164,,,,,,,,,,,,,,,,,,,,,,,2013-09,5477811,2757247,2720564,14.813333333333327,10.699999999999998,18.76,4.796666666666668,2.276666666666667,4.19,1.1966666666666668
165,165,,,,,,,,,,,,,,,,,,,,,,,2013-10,5288928,2671780,2617148,12.26774193548387,8.24516129032258,15.774193548387094,3.687096774193549,2.6290322580645165,4.212903225806452,1.1806451612903226
166,166,,,,,,,,,,,,,,,,,,,,,,,2013-11,4099344,2070177,2029167,7.110000000000001,3.7966666666666655,10.006666666666666,1.6666666666666663,2.9166666666666665,3.806666666666667,1.3433333333333333
167,167,,,,,,,,,,,,,,,,,,,,,,,2013-12,4103791,2007376,2096415,6.035483870967741,3.1129032258064515,8.616129032258065,2.483870967741936,2.3225806451612905,2.196774193548387,0.9483870967741936
168,168,,,,,,,,,,,,,,,,,,,,,,,2014-01,3937135,1993517,1943618,5.583870967741936,3.1000000000000005,7.767741935483872,1.996774193548388,2.7741935483870974,2.670967741935484,1.0774193548387097
169,169,,,,,,,,,,,,,,,,,,,,,,,2014-02,3770429,1859121,1911308,6.296428571428572,3.25,9.399999999999997,3.371428571428571,2.521428571428572,2.367857142857144,0.9
170,170,,,,,,,,,,,,,,,,,,,,,,,2014-03,4489453,2277177,2212276,8.43548387096774,3.9580645161290327,13.30967741935484,6.558064516129034,0.7451612903225806,1.0580645161290323,0.2935483870967741
171,171,,,,,,,,,,,,,,,,,,,,,,,2014-04,5075277,2465884,2609393,11.856666666666666,7.460000000000002,16.389999999999997,5.876666666666666,0.6799999999999999,1.2933333333333334,0.7833333333333334
172,172,,,,,,,,,,,,,,,,,,,,,,,2014-05,5618850,2830908,2787942,13.522580645161288,8.783870967741935,17.73225806451613,6.996774193548387,1.92258064516129,2.693548387096774,1.070967741935484
173,173,,,,,,,,,,,,,,,,,,,,,,,2014-06,5642408,2848167,2794241,15.973333333333333,10.99666666666667,20.42,7.496666666666666,0.6033333333333334,0.6566666666666667,0.3033333333333333
174,174,,,,,,,,,,,,,,,,,,,,,,,2014-07,6070119,2841054,3229065,19.63225806451613,15.13225806451613,24.34193548387097,7.361290322580645,1.574193548387097,4.051612903225808,1.4451612903225806
175,175,,,,,,,,,,,,,,,,,,,,,,,2014-08,6261369,3272798,2988571,16.35483870967742,12.348387096774193,20.477419354838705,6.293548387096774,2.280645161290322,5.025806451612904,2.109677419354838
176,176,,,,,,,,,,,,,,,,,,,,,,,2014-09,5802996,2912901,2890095,16.506666666666668,11.883333333333333,21.036666666666665,6.093333333333333,0.24,0.42,0.22
177,177,,,,,,,,,,,,,,,,,,,,,,,2014-10,5609100,2840063,2769037,13.461290322580648,10.325806451612902,16.632258064516126,3.580645161290322,1.7870967741935482,2.625806451612903,1.0
178,178,,,,,,,,,,,,,,,,,,,,,,,2014-11,4321292,2176743,2144549,8.25,5.606666666666666,10.66,2.7999999999999994,1.7366666666666672,1.513333333333334,0.55
179,179,,,,,,,,,,,,,,,,,,,,,,,2014-12,4334189,2127306,2206883,5.361290322580644,2.599999999999999,7.683870967741937,1.9516129032258065,2.6193548387096777,2.525806451612904,0.7419354838709677
180,180,,,,,,,,,,,,,,,,,,,,,,,2015-01,4067159,2053582,2013577,4.141935483870968,1.2806451612903234,6.66774193548387,1.9806451612903224,3.261290322580646,3.838709677419354,1.141935483870968
181,181,,,,,,,,,,,,,,,,,,,,,,,2015-02,3975652,1963234,2012418,3.664285714285714,0.0607142857142857,7.107142857142856,4.410714285714287,1.9250000000000005,1.7678571428571428,0.4464285714285714
182,182,,,,,,,,,,,,,,,,,,,,,,,2015-03,4651418,2361147,2290271,6.187096774193549,2.064516129032259,9.870967741935484,5.048387096774194,1.5903225806451613,1.703225806451613,0.7000000000000001
183,183,,,,,,,,,,,,,,,,,,,,,,,2015-04,5318300,2592791,2725509,8.780000000000001,3.7366666666666655,13.746666666666668,7.626666666666666,0.7066666666666667,0.46,0.1699999999999999
184,184,,,,,,,,,,,,,,,,,,,,,,,2015-05,6064935,3050274,3014661,12.170967741935485,7.641935483870967,16.483870967741932,7.6225806451612925,1.0483870967741935,1.238709677419355,0.4903225806451612
185,185,,,,,,,,,,,,,,,,,,,,,,,2015-06,5971077,2983254,2987823,15.44,10.416666666666668,19.893333333333327,7.6800000000000015,0.39,0.3133333333333334,0.1466666666666667
186,186,,,,,,,,,,,,,,,,,,,,,,,2015-07,6568499,3093605,3474894,18.25483870967741,13.5258064516129,22.725806451612904,7.474193548387097,1.6709677419354838,3.07741935483871,1.1225806451612903
187,187,,,,,,,,,,,,,,,,,,,,,,,2015-08,6606203,3459913,3146290,18.52258064516129,14.235483870967744,23.119354838709675,6.751612903225807,2.393548387096774,4.422580645161289,1.883870967741936
188,188,,,,,,,,,,,,,,,,,,,,,,,2015-09,6115762,3064261,3051501,13.746666666666671,9.796666666666663,17.720000000000002,5.206666666666666,2.22,4.343333333333333,1.6100000000000003
189,189,,,,,,,,,,,,,,,,,,,,,,,2015-10,5940890,2997692,2943198,10.535483870967742,6.741935483870967,14.01935483870968,4.074193548387096,1.57741935483871,0.893548387096774,0.2548387096774193
190,190,,,,,,,,,,,,,,,,,,,,,,,2015-11,4697506,2364328,2333178,10.1,7.303333333333334,12.776666666666667,1.9633333333333327,3.850000000000001,5.443333333333333,1.68
191,191,,,,,,,,,,,,,,,,,,,,,,,2015-12,4657214,2292144,2365070,9.56451612903226,7.287096774193548,11.729032258064516,2.2548387096774194,1.9838709677419355,1.4483870967741936,0.5935483870967743
192,192,,,,,,,,,,,,,,,,,,,,,,,2016-01,4487365,2263317,2224048,4.95483870967742,1.964516129032258,7.399999999999999,2.219354838709677,3.638709677419355,4.096774193548389,1.1419354838709677
193,193,,,,,,,,,,,,,,,,,,,,,,,2016-02,4510127,2227376,2282751,4.70344827586207,1.506896551724138,7.727586206896552,3.9,3.1241379310344826,2.337931034482758,0.6137931034482759
194,194,,,,,,,,,,,,,,,,,,,,,,,2016-03,5249454,2646268,2603186,5.538709677419354,1.7935483870967743,9.322580645161288,4.951612903225806,1.7322580645161292,1.974193548387097,0.5225806451612903
195,195,,,,,,,,,,,,,,,,,,,,,,,2016-04,5837141,2826735,3010406,8.733333333333333,4.510000000000001,12.753333333333332,6.963333333333336,1.5733333333333337,2.1166666666666667,0.7066666666666669
196,196,,,,,,,,,,,,,,,,,,,,,,,2016-05,6408460,3261250,3147210,14.522580645161293,9.764516129032256,19.01612903225806,7.661290322580645,1.2129032258064516,1.7225806451612902,1.1
197,197,,,,,,,,,,,,,,,,,,,,,,,2016-06,6203153,3095920,3107233,16.529999999999998,12.526666666666666,20.730000000000004,6.193333333333334,2.1266666666666665,4.17,1.653333333333333
198,198,,,,,,,,,,,,,,,,,,,,,,,2016-07,7074939,3325563,3749376,18.34193548387097,13.9741935483871,22.5,7.174193548387097,0.5903225806451613,1.1516129032258062,0.7580645161290321
199,199,,,,,,,,,,,,,,,,,,,,,,,2016-08,7115921,3718176,3397745,18.151612903225807,13.59032258064516,22.27741935483872,7.754838709677419,1.6354838709677415,4.300000000000001,2.003225806451613
200,200,,,,,,,,,,,,,,,,,,,,,,,2016-09,6572800,3299982,3272818,17.910000000000004,13.503333333333336,22.6,6.6433333333333335,0.4033333333333333,0.63,0.39
201,201,,,,,,,,,,,,,,,,,,,,,,,2016-10,6445707,3262872,3182835,10.403225806451612,6.625806451612903,14.138709677419351,4.619354838709678,1.1903225806451612,2.2516129032258063,0.8258064516129032
202,202,,,,,,,,,,,,,,,,,,,,,,,2016-11,5162840,2594898,2567942,5.930000000000001,2.2133333333333334,9.05,2.5966666666666662,3.01,2.826666666666667,0.8833333333333333
203,203,,,,,,,,,,,,,,,,,,,,,,,2016-12,5211659,2554056,2657603,5.112903225806451,2.119354838709677,7.796774193548384,1.9387096774193548,0.8967741935483872,0.5612903225806453,0.2483870967741935
204,204,,,,,,,,,,,,,,,,,,,,,,,2017-01,5024395,2549832,2474563,1.8709677419354835,-1.490322580645161,4.7,3.05483870967742,1.4129032258064511,1.7129032258064514,0.5096774193548388
205,205,,,,,,,,,,,,,,,,,,,,,,,2017-02,4787727,2353424,2434303,4.846428571428572,2.1535714285714285,7.353571428571427,2.2392857142857148,2.5142857142857147,2.157142857142857,0.6428571428571429
206,206,,,,,,,,,,,,,,,,,,,,,,,2017-03,5717190,2902551,2814639,8.590322580645159,4.2129032258064525,12.999999999999996,5.980645161290322,1.4451612903225806,1.429032258064516,0.5225806451612902
207,207,,,,,,,,,,,,,,,,,,,,,,,2017-04,6525509,3189652,3335857,8.743333333333334,4.0200000000000005,12.963333333333331,6.803333333333336,0.95,1.06,0.4933333333333332
208,208,,,,,,,,,,,,,,,,,,,,,,,2017-05,6988685,3523496,3465189,14.822580645161286,9.887096774193548,19.622580645161285,7.787096774193548,0.7999999999999999,1.035483870967742,0.6548387096774195
209,209,,,,,,,,,,,,,,,,,,,,,,,2017-06,6904028,3464205,3439823,17.97666666666667,13.226666666666668,22.383333333333333,7.830000000000001,1.0066666666666666,1.6866666666666672,0.8333333333333335
210,210,,,,,,,,,,,,,,,,,,,,,,,2017-07,7532873,3560737,3972136,17.95483870967742,13.351612903225808,22.35806451612904,6.680645161290324,1.7032258064516128,3.95483870967742,1.874193548387097
211,211,,,,,,,,,,,,,,,,,,,,,,,2017-08,7608101,3944170,3663931,17.53870967741935,12.9258064516129,21.90967741935484,6.05483870967742,1.5258064516129033,3.064516129032258,1.1387096774193548
212,212,,,,,,,,,,,,,,,,,,,,,,,2017-09,7044350,3555704,3488646,14.266666666666667,10.22,18.21333333333333,4.949999999999999,2.3633333333333337,5.446666666666666,2.03
213,213,,,,,,,,,,,,,,,,,,,,,,,2017-10,6975594,3517373,3458221,13.522580645161288,10.558064516129036,16.50967741935484,3.53225806451613,1.867741935483871,2.483870967741935,0.7612903225806452
214,214,,,,,,,,,,,,,,,,,,,,,,,2017-11,5657189,2848886,2808303,7.676666666666664,4.463333333333333,10.606666666666673,2.1566666666666663,2.716666666666667,2.7033333333333336,0.9533333333333336
215,215,,,,,,,,,,,,,,,,,,,,,,,2017-12,5437988,2656624,2781364,5.119354838709677,2.2806451612903227,7.351612903225806,1.0483870967741933,3.822580645161291,3.909677419354839,1.1774193548387095
216,216,,,,,,,,,,,,,,,,,,,,,,,2018-01,5410899,2735932,2674967,5.551612903225807,2.767741935483872,8.02258064516129,1.5225806451612909,2.293548387096774,2.3483870967741938,0.8419354838709675
217,217,,,,,,,,,,,,,,,,,,,,,,,2018-02,5237331,2574649,2662682,1.0821428571428573,-2.275,4.482142857142857,5.825000000000001,0.989285714285714,0.5928571428571427,0.225
218,218,,,,,,,,,,,,,,,,,,,,,,,2018-03,6151187,3111952,3039235,4.670967741935484,0.738709677419355,8.64516129032258,4.44516129032258,2.009677419354839,1.367741935483871,0.567741935483871
219,219,,,,,,,,,,,,,,,,,,,,,,,2018-04,6730695,3275700,3454995,11.913333333333336,7.133333333333334,16.523333333333333,5.676666666666665,1.7133333333333334,2.053333333333333,0.8833333333333333
220,220,,,,,,,,,,,,,,,,,,,,,,,2018-05,7261667,3666643,3595024,16.374193548387094,10.761290322580646,21.60322580645161,9.370967741935484,0.8064516129032259,1.0516129032258066,0.6387096774193549
221,221,,,,,,,,,,,,,,,,,,,,,,,2018-06,7233806,3615253,3618553,17.163333333333338,12.863333333333332,21.606666666666666,7.330000000000001,0.2533333333333333,0.19,0.0933333333333333
222,222,,,,,,,,,,,,,,,,,,,,,,,2018-07,7691695,3621660,4070035,20.5741935483871,14.503225806451612,26.206451612903223,11.061290322580648,0.1129032258064516,0.1225806451612903,0.0806451612903225
223,223,,,,,,,,,,,,,,,,,,,,,,,2018-08,7786633,4018842,3767791,18.69354838709678,13.722580645161294,23.54516129032258,6.706451612903226,1.2612903225806449,2.62258064516129,1.0387096774193547
224,224,,,,,,,,,,,,,,,,,,,,,,,2018-09,7294410,3665569,3628841,15.2,10.65666666666667,19.62666666666667,6.059999999999999,1.26,3.393333333333335,1.1
225,225,,,,,,,,,,,,,,,,,,,,,,,2018-10,7262779,3655800,3606979,12.496774193548386,8.551612903225807,16.677419354838705,5.558064516129029,1.1322580645161289,1.2741935483870968,0.2903225806451613
226,226,,,,,,,,,,,,,,,,,,,,,,,2018-11,5802548,2916663,2885885,6.96,4.253333333333334,9.653333333333334,3.0200000000000005,1.2433333333333332,0.7433333333333334,0.3366666666666667
227,227,,,,,,,,,,,,,,,,,,,,,,,2018-12,5742668,2802933,2939735,6.548387096774193,3.890322580645161,8.696774193548388,1.5225806451612909,2.8032258064516125,2.364516129032258,0.8741935483870968
228,228,,,,,,,,,,,,,,,,,,,,,,,2019-01,5495052,2777666,2717386,3.838709677419356,0.9483870967741932,6.170967741935484,1.8387096774193548,2.329032258064516,1.4677419354838706,0.4322580645161291
229,229,,,,,,,,,,,,,,,,,,,,,,,2019-02,5352301,2638163,2714138,6.346428571428571,2.185714285714285,10.75,5.1571428571428575,2.275,1.4035714285714285,0.3285714285714285
230,230,,,,,,,,,,,,,,,,,,,,,,,2019-03,6270788,3170209,3100579,7.925806451612904,4.251612903225806,11.351612903225808,4.1,2.6,2.364516129032258,0.7419354838709679
231,231,,,,,,,,,,,,,,,,,,,,,,,2019-04,6926059,3372752,3553307,11.009999999999998,6.043333333333334,15.916666666666668,8.556666666666665,0.4866666666666667,1.0833333333333333,0.5566666666666666
232,232,,,,,,,,,,,,,,,,,,,,,,,2019-05,7396960,3709789,3687171,11.661290322580646,6.925806451612902,16.112903225806452,7.2225806451612895,0.7258064516129032,0.9870967741935484,0.6032258064516127
233,233,,,,,,,,,,,,,,,,,,,,,,,2019-06,7471334,3755096,3716238,17.820000000000004,12.463333333333336,22.746666666666663,8.760000000000002,1.1266666666666665,3.79,2.223333333333333
234,234,,,,,,,,,,,,,,,,,,,,,,,2019-07,7730263,3633107,4097156,18.65806451612903,13.858064516129032,23.7258064516129,8.125806451612904,0.896774193548387,1.3870967741935485,0.5548387096774194
235,235,,,,,,,,,,,,,,,,,,,,,,,2019-08,7859458,4067875,3791583,18.82258064516129,13.967741935483874,23.51935483870968,7.76774193548387,1.0903225806451613,1.7999999999999996,0.7354838709677418
236,236,,,,,,,,,,,,,,,,,,,,,,,2019-09,7486440,3755429,3731011,15.169999999999996,10.91,19.273333333333333,5.4,2.18,3.230000000000001,1.2266666666666668
237,237,,,,,,,,,,,,,,,,,,,,,,,2019-10,7354352,3708483,3645869,11.612903225806454,8.241935483870966,15.025806451612905,3.2387096774193544,3.0806451612903225,4.380645161290323,1.6032258064516125
238,238,,,,,,,,,,,,,,,,,,,,,,,2019-11,5885771,2957800,2927971,6.6433333333333335,3.5900000000000003,9.4,2.313333333333333,2.9833333333333334,3.956666666666666,1.3300000000000003
239,239,,,,,,,,,,,,,,,,,,,,,,,2019-12,5938523,2900912,3037611,6.080645161290321,3.10967741935484,8.554838709677421,2.6,2.406451612903226,2.335483870967742,0.9322580645161294
240,240,,,,,,,,,,,,,,,,,,,,,,,2020-01,5595249,2825386,2769863,6.558064516129033,3.867741935483872,8.648387096774192,1.3806451612903223,1.9935483870967745,1.5096774193548383,0.6677419354838711
241,241,,,,,,,,,,,,,,,,,,,,,,,2020-02,5281600,2616242,2665358,7.162068965517242,4.244827586206896,9.700000000000005,2.648275862068966,3.3241379310344827,4.7655172413793085,1.7586206896551724
242,242,,,,,,,,,,,,,,,,,,,,,,,2020-03,2773554,1462008,1311546,6.8903225806451625,2.9709677419354845,10.441935483870964,6.370967741935482,1.6677419354838716,1.5580645161290323,0.5838709677419355
243,243,,,,,,,,,,,,,,,,,,,,,,,2020-04,133752,74778,58974,11.046666666666663,5.33,16.59,8.97,0.57,0.3966666666666666,0.1566666666666666
244,244,,,,,,,,,,,,,,,,,,,,,,,2020-05,220120,116888,103232,13.248387096774191,7.564516129032258,18.270967741935483,10.806451612903226,0.2935483870967741,0.3225806451612903,0.1451612903225806
245,245,,,,,,,,,,,,,,,,,,,,,,,2020-06,526544,251076,275468,17.29333333333333,12.859999999999998,21.856666666666666,7.956666666666668,1.4333333333333331,2.996666666666667,1.4200000000000004
246,246,,,,,,,,,,,,,,,,,,,,,,,2020-07,1690515,760514,930001,17.009677419354837,12.59677419354839,21.09354838709677,7.090322580645161,2.161290322580645,2.045161290322581,0.6516129032258066
247,247,,,,,,,,,,,,,,,,,,,,,,,2020-08,2242935,1198701,1044234,20.5483870967742,15.7258064516129,25.50967741935484,7.509677419354841,1.1806451612903224,2.5612903225806454,1.1645161290322583
248,248,,,,,,,,,,,,,,,,,,,,,,,2020-09,1547263,794910,752353,15.62,10.96,20.17666666666667,6.353333333333334,1.6866666666666668,2.88,1.0166666666666666
249,249,,,,,,,,,,,,,,,,,,,,,,,2020-10,1303123,658399,644724,11.506451612903229,8.290322580645162,14.570967741935483,2.454838709677419,2.629032258064516,3.874193548387097,1.464516129032258
250,250,,,,,,,,,,,,,,,,,,,,,,,2020-11,965071,486521,478550,9.123333333333337,5.723333333333333,12.189999999999998,2.9133333333333327,1.586666666666667,1.7466666666666666,0.6433333333333333
251,251,,,,,,,,,,,,,,,,,,,,,,,2020-12,1306018,609520,696498,5.609677419354839,2.838709677419355,7.987096774193549,1.5645161290322578,3.525806451612904,3.861290322580645,1.22258064516129
252,252,,,,,,,,,,,,,,,,,,,,,,,2021-01,909617,489232,420385,3.541935483870968,0.6580645161290322,5.977419354838709,1.9741935483870967,2.6967741935483875,2.490322580645161,0.6709677419354838
253,253,,,,,,,,,,,,,,,,,,,,,,,2021-02,519827,260596,259231,4.175,0.7607142857142855,7.582142857142856,4.317857142857143,2.314285714285714,1.682142857142857,0.5392857142857143
254,254,,,,,,,,,,,,,,,,,,,,,,,2021-03,676647,339259,337388,6.516129032258065,2.367741935483871,10.319354838709677,4.53225806451613,1.5806451612903225,1.1548387096774195,0.4064516129032258
255,255,,,,,,,,,,,,,,,,,,,,,,,2021-04,817876,400390,417486,6.686666666666667,2.003333333333333,10.956666666666669,7.223333333333334,1.3233333333333337,1.353333333333333,0.42
256,256,,,,,,,,,,,,,,,,,,,,,,,2021-05,1169673,581427,588246,11.167741935483871,6.535483870967742,15.38064516129032,6.783870967741937,2.1709677419354843,3.248387096774193,1.470967741935484
257,257,,,,,,,,,,,,,,,,,,,,,,,2021-06,1870330,899114,971216,17.80666666666667,12.809999999999995,22.44,8.446666666666665,1.34,3.54,2.1133333333333337
258,258,,,,,,,,,,,,,,,,,,,,,,,2021-07,3515159,1584635,1930524,17.990322580645163,13.803225806451614,22.351612903225806,6.432258064516129,0.6580645161290323,1.9580645161290324,1.238709677419355
259,259,,,,,,,,,,,,,,,,,,,,,,,2021-08,4479180,2368993,2110187,17.08064516129032,13.206451612903228,21.09032258064516,5.409677419354841,0.8870967741935484,2.980645161290324,1.8806451612903223
260,260,,,,,,,,,,,,,,,,,,,,,,,2021-09,4013477,2048412,1965065,16.51666666666667,12.206666666666669,21.050000000000004,6.13,0.3266666666666667,0.4866666666666666,0.23
